<?xml version="1.0" encoding="utf-8"?>
<navigation>
    <entry navigation_id="torrentTracker" parent_navigation_id="" display_order="10">
        <title>إدارة التورنت</title>
        <link>admin.php?torrent-tracker/</link>
        <icon class="fa fa-magnet" />
    </entry>
    
    <entry navigation_id="torrentManager" parent_navigation_id="torrentTracker" display_order="20">
        <title>إدارة التورنتات</title>
        <link>admin.php?torrent-tracker/manage</link>
    </entry>

    <entry navigation_id="vipManager" parent_navigation_id="torrentTracker" display_order="30">
        <title>إدارة VIP</title>
        <link>admin.php?torrent-tracker/vip</link>
    </entry>
</navigation>
