<?xml version="1.0" encoding="utf-8"?>
<options>
    <option option_id="vip_price" data_type="integer" default_value="10">
        <title>سعر اشتراك VIP (بالدولار)</title>
        <explain>حدد سعر الاشتراك الشهري في خدمة VIP.</explain>
    </option>

    <option option_id="vip_duration" data_type="integer" default_value="30">
        <title>مدة اشتراك VIP (باليوم)</title>
        <explain>حدد عدد الأيام التي يستمر فيها الاشتراك بعد الدفع.</explain>
    </option>

    <option option_id="freeleech_enabled" data_type="boolean" default_value="0">
        <title>تفعيل التورنتات المجانية (FreeLeech)</title>
        <explain>إذا كان مفعلاً، فلن يتم حساب نسبة التحميل عند تنزيل التورنتات.</explain>
    </option>

<option id="vipUserGroupId" title="مجموعة الأعضاء الذهبيون">
        <option_type>integer</option_type>
        <default_value>0</default_value>
    </option>
</options>



